Service,Discovery URL
abusiveexperiencereport,https://abusiveexperiencereport.googleapis.com/$discovery/rest?version=v1
acceleratedmobilepageurl,https://acceleratedmobilepageurl.googleapis.com/$discovery/rest?version=v1
accessapproval,https://accessapproval.googleapis.com/$discovery/rest?version=v1
accesscontextmanager,https://accesscontextmanager.googleapis.com/$discovery/rest?version=v1
addressvalidation,https://addressvalidation.googleapis.com/$discovery/rest?version=v1
adexchangebuyer,https://adexchangebuyer.googleapis.com/$discovery/rest?version=v2beta1
adexperiencereport,https://adexperiencereport.googleapis.com/$discovery/rest?version=v1
admin,https://admin.googleapis.com/$discovery/rest?version=datatransfer_v1
admin,https://admin.googleapis.com/$discovery/rest?version=directory_v1
admin,https://admin.googleapis.com/$discovery/rest?version=reports_v1
admob,https://admob.googleapis.com/$discovery/rest?version=v1beta
admob,https://admob.googleapis.com/$discovery/rest?version=v1
adsense,https://adsense.googleapis.com/$discovery/rest?version=v2
adsenseplatform,https://adsenseplatform.googleapis.com/$discovery/rest?version=v1alpha
adsenseplatform,https://adsenseplatform.googleapis.com/$discovery/rest?version=v1
advisorynotifications,https://advisorynotifications.googleapis.com/$discovery/rest?version=v1
aiplatform,https://aiplatform.googleapis.com/$discovery/rest?version=v1beta1
aiplatform,https://aiplatform.googleapis.com/$discovery/rest?version=v1
airquality,https://airquality.googleapis.com/$discovery/rest?version=v1
alertcenter,https://alertcenter.googleapis.com/$discovery/rest?version=v1beta1
alloydb,https://alloydb.googleapis.com/$discovery/rest?version=v1alpha
alloydb,https://alloydb.googleapis.com/$discovery/rest?version=v1beta
alloydb,https://alloydb.googleapis.com/$discovery/rest?version=v1
analytics,https://analytics.googleapis.com/$discovery/rest?version=v3
analyticsadmin,https://analyticsadmin.googleapis.com/$discovery/rest?version=v1alpha
analyticsadmin,https://analyticsadmin.googleapis.com/$discovery/rest?version=v1beta
analyticsdata,https://analyticsdata.googleapis.com/$discovery/rest?version=v1beta
analyticshub,https://analyticshub.googleapis.com/$discovery/rest?version=v1beta1
analyticshub,https://analyticshub.googleapis.com/$discovery/rest?version=v1
analyticsreporting,https://analyticsreporting.googleapis.com/$discovery/rest?version=v4
androiddeviceprovisioning,https://androiddeviceprovisioning.googleapis.com/$discovery/rest?version=v1
androidenterprise,https://androidenterprise.googleapis.com/$discovery/rest?version=v1
androidmanagement,https://androidmanagement.googleapis.com/$discovery/rest?version=v1
androidpublisher,https://androidpublisher.googleapis.com/$discovery/rest?version=v3
apigateway,https://apigateway.googleapis.com/$discovery/rest?version=v1beta
apigateway,https://apigateway.googleapis.com/$discovery/rest?version=v1
apigee,https://apigee.googleapis.com/$discovery/rest?version=v1
apigeeregistry,https://apigeeregistry.googleapis.com/$discovery/rest?version=v1
apikeys,https://apikeys.googleapis.com/$discovery/rest?version=v2
apim,https://apim.googleapis.com/$discovery/rest?version=v1alpha
appengine,https://appengine.googleapis.com/$discovery/rest?version=v1alpha
appengine,https://appengine.googleapis.com/$discovery/rest?version=v1beta
appengine,https://appengine.googleapis.com/$discovery/rest?version=v1
apphub,https://apphub.googleapis.com/$discovery/rest?version=v1alpha
apphub,https://apphub.googleapis.com/$discovery/rest?version=v1
area120tables,https://area120tables.googleapis.com/$discovery/rest?version=v1alpha1
artifactregistry,https://artifactregistry.googleapis.com/$discovery/rest?version=v1beta1
artifactregistry,https://artifactregistry.googleapis.com/$discovery/rest?version=v1beta2
artifactregistry,https://artifactregistry.googleapis.com/$discovery/rest?version=v1
assuredworkloads,https://assuredworkloads.googleapis.com/$discovery/rest?version=v1beta1
assuredworkloads,https://assuredworkloads.googleapis.com/$discovery/rest?version=v1
authorizedbuyersmarketplace,https://authorizedbuyersmarketplace.googleapis.com/$discovery/rest?version=v1alpha
authorizedbuyersmarketplace,https://authorizedbuyersmarketplace.googleapis.com/$discovery/rest?version=v1
backupdr,https://backupdr.googleapis.com/$discovery/rest?version=v1
baremetalsolution,https://baremetalsolution.googleapis.com/$discovery/rest?version=v2
batch,https://batch.googleapis.com/$discovery/rest?version=v1
beyondcorp,https://beyondcorp.googleapis.com/$discovery/rest?version=v1alpha
beyondcorp,https://beyondcorp.googleapis.com/$discovery/rest?version=v1
biglake,https://biglake.googleapis.com/$discovery/rest?version=v1
bigquery,https://bigquery.googleapis.com/$discovery/rest?version=v2
bigqueryconnection,https://bigqueryconnection.googleapis.com/$discovery/rest?version=v1beta1
bigqueryconnection,https://bigqueryconnection.googleapis.com/$discovery/rest?version=v1
bigquerydatapolicy,https://bigquerydatapolicy.googleapis.com/$discovery/rest?version=v1
bigquerydatatransfer,https://bigquerydatatransfer.googleapis.com/$discovery/rest?version=v1
bigqueryreservation,https://bigqueryreservation.googleapis.com/$discovery/rest?version=v1
bigtableadmin,https://bigtableadmin.googleapis.com/$discovery/rest?version=v2
billingbudgets,https://billingbudgets.googleapis.com/$discovery/rest?version=v1beta1
billingbudgets,https://billingbudgets.googleapis.com/$discovery/rest?version=v1
binaryauthorization,https://binaryauthorization.googleapis.com/$discovery/rest?version=v1beta1
binaryauthorization,https://binaryauthorization.googleapis.com/$discovery/rest?version=v1
blockchainnodeengine,https://blockchainnodeengine.googleapis.com/$discovery/rest?version=v1
blogger,https://blogger.googleapis.com/$discovery/rest?version=v2
blogger,https://blogger.googleapis.com/$discovery/rest?version=v3
books,https://books.googleapis.com/$discovery/rest?version=v1
businessprofileperformance,https://businessprofileperformance.googleapis.com/$discovery/rest?version=v1
calendar-json,https://calendar-json.googleapis.com/$discovery/rest?version=v3
certificatemanager,https://certificatemanager.googleapis.com/$discovery/rest?version=v1
chat,https://chat.googleapis.com/$discovery/rest?version=v1
checks,https://checks.googleapis.com/$discovery/rest?version=v1alpha
chromemanagement,https://chromemanagement.googleapis.com/$discovery/rest?version=v1
chromepolicy,https://chromepolicy.googleapis.com/$discovery/rest?version=v1
chromeuxreport,https://chromeuxreport.googleapis.com/$discovery/rest?version=v1
civicinfo,https://civicinfo.googleapis.com/$discovery/rest?version=v2
classroom,https://classroom.googleapis.com/$discovery/rest?version=v1
cloudasset,https://cloudasset.googleapis.com/$discovery/rest?version=v1p1beta1
cloudasset,https://cloudasset.googleapis.com/$discovery/rest?version=v1p5beta1
cloudasset,https://cloudasset.googleapis.com/$discovery/rest?version=v1p7beta1
cloudasset,https://cloudasset.googleapis.com/$discovery/rest?version=v1beta1
cloudasset,https://cloudasset.googleapis.com/$discovery/rest?version=v1
cloudbilling,https://cloudbilling.googleapis.com/$discovery/rest?version=v1beta
cloudbilling,https://cloudbilling.googleapis.com/$discovery/rest?version=v1
cloudbuild,https://cloudbuild.googleapis.com/$discovery/rest?version=v1
cloudbuild,https://cloudbuild.googleapis.com/$discovery/rest?version=v2
cloudchannel,https://cloudchannel.googleapis.com/$discovery/rest?version=v1
cloudcontrolspartner,https://cloudcontrolspartner.googleapis.com/$discovery/rest?version=v1beta
cloudcontrolspartner,https://cloudcontrolspartner.googleapis.com/$discovery/rest?version=v1
clouddeploy,https://clouddeploy.googleapis.com/$discovery/rest?version=v1
clouderrorreporting,https://clouderrorreporting.googleapis.com/$discovery/rest?version=v1beta1
cloudfunctions,https://cloudfunctions.googleapis.com/$discovery/rest?version=v2alpha
cloudfunctions,https://cloudfunctions.googleapis.com/$discovery/rest?version=v2beta
cloudfunctions,https://cloudfunctions.googleapis.com/$discovery/rest?version=v1
cloudfunctions,https://cloudfunctions.googleapis.com/$discovery/rest?version=v2
cloudidentity,https://cloudidentity.googleapis.com/$discovery/rest?version=v1beta1
cloudidentity,https://cloudidentity.googleapis.com/$discovery/rest?version=v1
cloudkms,https://cloudkms.googleapis.com/$discovery/rest?version=v1
cloudprofiler,https://cloudprofiler.googleapis.com/$discovery/rest?version=v2
cloudresourcemanager,https://cloudresourcemanager.googleapis.com/$discovery/rest?version=v1beta1
cloudresourcemanager,https://cloudresourcemanager.googleapis.com/$discovery/rest?version=v2beta1
cloudresourcemanager,https://cloudresourcemanager.googleapis.com/$discovery/rest?version=v1
cloudresourcemanager,https://cloudresourcemanager.googleapis.com/$discovery/rest?version=v2
cloudresourcemanager,https://cloudresourcemanager.googleapis.com/$discovery/rest?version=v3
cloudscheduler,https://cloudscheduler.googleapis.com/$discovery/rest?version=v1beta1
cloudscheduler,https://cloudscheduler.googleapis.com/$discovery/rest?version=v1
cloudsearch,https://cloudsearch.googleapis.com/$discovery/rest?version=v1
cloudshell,https://cloudshell.googleapis.com/$discovery/rest?version=v1
cloudsupport,https://cloudsupport.googleapis.com/$discovery/rest?version=v2beta
cloudsupport,https://cloudsupport.googleapis.com/$discovery/rest?version=v2
cloudtasks,https://cloudtasks.googleapis.com/$discovery/rest?version=v2beta2
cloudtasks,https://cloudtasks.googleapis.com/$discovery/rest?version=v2beta3
cloudtasks,https://cloudtasks.googleapis.com/$discovery/rest?version=v2
cloudtrace,https://cloudtrace.googleapis.com/$discovery/rest?version=v2beta1
cloudtrace,https://cloudtrace.googleapis.com/$discovery/rest?version=v1
cloudtrace,https://cloudtrace.googleapis.com/$discovery/rest?version=v2
composer,https://composer.googleapis.com/$discovery/rest?version=v1beta1
composer,https://composer.googleapis.com/$discovery/rest?version=v1
www,https://www.googleapis.com/discovery/v1/apis/compute/alpha/rest
www,https://www.googleapis.com/discovery/v1/apis/compute/beta/rest
www,https://www.googleapis.com/discovery/v1/apis/compute/v1/rest
config,https://config.googleapis.com/$discovery/rest?version=v1
connectors,https://connectors.googleapis.com/$discovery/rest?version=v1
connectors,https://connectors.googleapis.com/$discovery/rest?version=v2
contactcenteraiplatform,https://contactcenteraiplatform.googleapis.com/$discovery/rest?version=v1alpha1
contactcenterinsights,https://contactcenterinsights.googleapis.com/$discovery/rest?version=v1
container,https://container.googleapis.com/$discovery/rest?version=v1beta1
container,https://container.googleapis.com/$discovery/rest?version=v1
containeranalysis,https://containeranalysis.googleapis.com/$discovery/rest?version=v1alpha1
containeranalysis,https://containeranalysis.googleapis.com/$discovery/rest?version=v1beta1
containeranalysis,https://containeranalysis.googleapis.com/$discovery/rest?version=v1
shoppingcontent,https://shoppingcontent.googleapis.com/$discovery/rest?version=v2.1
contentwarehouse,https://contentwarehouse.googleapis.com/$discovery/rest?version=v1
css,https://css.googleapis.com/$discovery/rest?version=v1
customsearch,https://customsearch.googleapis.com/$discovery/rest?version=v1
datacatalog,https://datacatalog.googleapis.com/$discovery/rest?version=v1beta1
datacatalog,https://datacatalog.googleapis.com/$discovery/rest?version=v1
dataflow,https://dataflow.googleapis.com/$discovery/rest?version=v1b3
dataform,https://dataform.googleapis.com/$discovery/rest?version=v1beta1
datafusion,https://datafusion.googleapis.com/$discovery/rest?version=v1beta1
datafusion,https://datafusion.googleapis.com/$discovery/rest?version=v1
datalabeling,https://datalabeling.googleapis.com/$discovery/rest?version=v1beta1
datalineage,https://datalineage.googleapis.com/$discovery/rest?version=v1
datamigration,https://datamigration.googleapis.com/$discovery/rest?version=v1beta1
datamigration,https://datamigration.googleapis.com/$discovery/rest?version=v1
datapipelines,https://datapipelines.googleapis.com/$discovery/rest?version=v1
dataplex,https://dataplex.googleapis.com/$discovery/rest?version=v1
dataportability,https://dataportability.googleapis.com/$discovery/rest?version=v1beta
dataportability,https://dataportability.googleapis.com/$discovery/rest?version=v1
dataproc,https://dataproc.googleapis.com/$discovery/rest?version=v1
datastore,https://datastore.googleapis.com/$discovery/rest?version=v1beta1
datastore,https://datastore.googleapis.com/$discovery/rest?version=v1beta3
datastore,https://datastore.googleapis.com/$discovery/rest?version=v1
datastream,https://datastream.googleapis.com/$discovery/rest?version=v1alpha1
datastream,https://datastream.googleapis.com/$discovery/rest?version=v1
deploymentmanager,https://deploymentmanager.googleapis.com/$discovery/rest?version=alpha
deploymentmanager,https://deploymentmanager.googleapis.com/$discovery/rest?version=v2beta
deploymentmanager,https://deploymentmanager.googleapis.com/$discovery/rest?version=v2
developerconnect,https://developerconnect.googleapis.com/$discovery/rest?version=v1
dfareporting,https://dfareporting.googleapis.com/$discovery/rest?version=v3.5
dfareporting,https://dfareporting.googleapis.com/$discovery/rest?version=v4
dialogflow,https://dialogflow.googleapis.com/$discovery/rest?version=v2beta1
dialogflow,https://dialogflow.googleapis.com/$discovery/rest?version=v3beta1
dialogflow,https://dialogflow.googleapis.com/$discovery/rest?version=v2
dialogflow,https://dialogflow.googleapis.com/$discovery/rest?version=v3
digitalassetlinks,https://digitalassetlinks.googleapis.com/$discovery/rest?version=v1
discovery,https://discovery.googleapis.com/$discovery/rest?version=v1
discoveryengine,https://discoveryengine.googleapis.com/$discovery/rest?version=v1alpha
discoveryengine,https://discoveryengine.googleapis.com/$discovery/rest?version=v1beta
discoveryengine,https://discoveryengine.googleapis.com/$discovery/rest?version=v1
displayvideo,https://displayvideo.googleapis.com/$discovery/rest?version=v2
displayvideo,https://displayvideo.googleapis.com/$discovery/rest?version=v3
dlp,https://dlp.googleapis.com/$discovery/rest?version=v2
dns,https://dns.googleapis.com/$discovery/rest?version=v1beta2
dns,https://dns.googleapis.com/$discovery/rest?version=v1
docs,https://docs.googleapis.com/$discovery/rest?version=v1
documentai,https://documentai.googleapis.com/$discovery/rest?version=v1beta3
documentai,https://documentai.googleapis.com/$discovery/rest?version=v1
domains,https://domains.googleapis.com/$discovery/rest?version=v1alpha2
domains,https://domains.googleapis.com/$discovery/rest?version=v1beta1
domains,https://domains.googleapis.com/$discovery/rest?version=v1
doubleclickbidmanager,https://doubleclickbidmanager.googleapis.com/$discovery/rest?version=v2
doubleclicksearch,https://doubleclicksearch.googleapis.com/$discovery/rest?version=v2
www,https://www.googleapis.com/discovery/v1/apis/drive/v2/rest
www,https://www.googleapis.com/discovery/v1/apis/drive/v3/rest
driveactivity,https://driveactivity.googleapis.com/$discovery/rest?version=v2
drivelabels,https://drivelabels.googleapis.com/$discovery/rest?version=v2beta
drivelabels,https://drivelabels.googleapis.com/$discovery/rest?version=v2
essentialcontacts,https://essentialcontacts.googleapis.com/$discovery/rest?version=v1
eventarc,https://eventarc.googleapis.com/$discovery/rest?version=v1
factchecktools,https://factchecktools.googleapis.com/$discovery/rest?version=v1alpha1
fcm,https://fcm.googleapis.com/$discovery/rest?version=v1
fcmdata,https://fcmdata.googleapis.com/$discovery/rest?version=v1beta1
file,https://file.googleapis.com/$discovery/rest?version=v1beta1
file,https://file.googleapis.com/$discovery/rest?version=v1
firebase,https://firebase.googleapis.com/$discovery/rest?version=v1beta1
firebaseappcheck,https://firebaseappcheck.googleapis.com/$discovery/rest?version=v1beta
firebaseappcheck,https://firebaseappcheck.googleapis.com/$discovery/rest?version=v1
firebaseappdistribution,https://firebaseappdistribution.googleapis.com/$discovery/rest?version=v1alpha
firebaseappdistribution,https://firebaseappdistribution.googleapis.com/$discovery/rest?version=v1
firebasedatabase,https://firebasedatabase.googleapis.com/$discovery/rest?version=v1beta
firebasedataconnect,https://firebasedataconnect.googleapis.com/$discovery/rest?version=v1beta
firebasedynamiclinks,https://firebasedynamiclinks.googleapis.com/$discovery/rest?version=v1
firebasehosting,https://firebasehosting.googleapis.com/$discovery/rest?version=v1beta1
firebasehosting,https://firebasehosting.googleapis.com/$discovery/rest?version=v1
firebaseml,https://firebaseml.googleapis.com/$discovery/rest?version=v1beta2
firebaseml,https://firebaseml.googleapis.com/$discovery/rest?version=v2beta
firebaseml,https://firebaseml.googleapis.com/$discovery/rest?version=v1
firebaserules,https://firebaserules.googleapis.com/$discovery/rest?version=v1
firebasestorage,https://firebasestorage.googleapis.com/$discovery/rest?version=v1beta
firestore,https://firestore.googleapis.com/$discovery/rest?version=v1beta1
firestore,https://firestore.googleapis.com/$discovery/rest?version=v1beta2
firestore,https://firestore.googleapis.com/$discovery/rest?version=v1
fitness,https://fitness.googleapis.com/$discovery/rest?version=v1
forms,https://forms.googleapis.com/$discovery/rest?version=v1
games,https://games.googleapis.com/$discovery/rest?version=v1
gamesconfiguration,https://gamesconfiguration.googleapis.com/$discovery/rest?version=v1configuration
gamesmanagement,https://gamesmanagement.googleapis.com/$discovery/rest?version=v1management
gkebackup,https://gkebackup.googleapis.com/$discovery/rest?version=v1
gkehub,https://gkehub.googleapis.com/$discovery/rest?version=v1alpha
gkehub,https://gkehub.googleapis.com/$discovery/rest?version=v2alpha
gkehub,https://gkehub.googleapis.com/$discovery/rest?version=v1beta
gkehub,https://gkehub.googleapis.com/$discovery/rest?version=v1beta1
gkehub,https://gkehub.googleapis.com/$discovery/rest?version=v2beta
gkehub,https://gkehub.googleapis.com/$discovery/rest?version=v1
gkehub,https://gkehub.googleapis.com/$discovery/rest?version=v2
gkeonprem,https://gkeonprem.googleapis.com/$discovery/rest?version=v1
gmail,https://gmail.googleapis.com/$discovery/rest?version=v1
gmailpostmastertools,https://gmailpostmastertools.googleapis.com/$discovery/rest?version=v1beta1
gmailpostmastertools,https://gmailpostmastertools.googleapis.com/$discovery/rest?version=v1
groupsmigration,https://groupsmigration.googleapis.com/$discovery/rest?version=v1
groupssettings,https://groupssettings.googleapis.com/$discovery/rest?version=v1
healthcare,https://healthcare.googleapis.com/$discovery/rest?version=v1beta1
healthcare,https://healthcare.googleapis.com/$discovery/rest?version=v1
homegraph,https://homegraph.googleapis.com/$discovery/rest?version=v1
iam,https://iam.googleapis.com/$discovery/rest?version=v2beta
iam,https://iam.googleapis.com/$discovery/rest?version=v1
iam,https://iam.googleapis.com/$discovery/rest?version=v2
iamcredentials,https://iamcredentials.googleapis.com/$discovery/rest?version=v1
iap,https://iap.googleapis.com/$discovery/rest?version=v1beta1
iap,https://iap.googleapis.com/$discovery/rest?version=v1
identitytoolkit,https://identitytoolkit.googleapis.com/$discovery/rest?version=v1
identitytoolkit,https://identitytoolkit.googleapis.com/$discovery/rest?version=v2
identitytoolkit,https://identitytoolkit.googleapis.com/$discovery/rest?version=v3
ids,https://ids.googleapis.com/$discovery/rest?version=v1
indexing,https://indexing.googleapis.com/$discovery/rest?version=v3
integrations,https://integrations.googleapis.com/$discovery/rest?version=v1
jobs,https://jobs.googleapis.com/$discovery/rest?version=v3p1beta1
jobs,https://jobs.googleapis.com/$discovery/rest?version=v3
jobs,https://jobs.googleapis.com/$discovery/rest?version=v4
keep,https://keep.googleapis.com/$discovery/rest?version=v1
kgsearch,https://kgsearch.googleapis.com/$discovery/rest?version=v1
kmsinventory,https://kmsinventory.googleapis.com/$discovery/rest?version=v1
language,https://language.googleapis.com/$discovery/rest?version=v1beta2
language,https://language.googleapis.com/$discovery/rest?version=v1
language,https://language.googleapis.com/$discovery/rest?version=v2
libraryagent,https://libraryagent.googleapis.com/$discovery/rest?version=v1
licensing,https://licensing.googleapis.com/$discovery/rest?version=v1
lifesciences,https://lifesciences.googleapis.com/$discovery/rest?version=v2beta
localservices,https://localservices.googleapis.com/$discovery/rest?version=v1
logging,https://logging.googleapis.com/$discovery/rest?version=v2
looker,https://looker.googleapis.com/$discovery/rest?version=v1
managedidentities,https://managedidentities.googleapis.com/$discovery/rest?version=v1alpha1
managedidentities,https://managedidentities.googleapis.com/$discovery/rest?version=v1beta1
managedidentities,https://managedidentities.googleapis.com/$discovery/rest?version=v1
manufacturers,https://manufacturers.googleapis.com/$discovery/rest?version=v1
marketingplatformadmin,https://marketingplatformadmin.googleapis.com/$discovery/rest?version=v1alpha
meet,https://meet.googleapis.com/$discovery/rest?version=v2
memcache,https://memcache.googleapis.com/$discovery/rest?version=v1beta2
memcache,https://memcache.googleapis.com/$discovery/rest?version=v1
merchantapi,https://merchantapi.googleapis.com/$discovery/rest?version=accounts_v1beta
merchantapi,https://merchantapi.googleapis.com/$discovery/rest?version=conversions_v1beta
merchantapi,https://merchantapi.googleapis.com/$discovery/rest?version=datasources_v1beta
merchantapi,https://merchantapi.googleapis.com/$discovery/rest?version=inventories_v1beta
merchantapi,https://merchantapi.googleapis.com/$discovery/rest?version=lfp_v1beta
merchantapi,https://merchantapi.googleapis.com/$discovery/rest?version=notifications_v1beta
merchantapi,https://merchantapi.googleapis.com/$discovery/rest?version=products_v1beta
merchantapi,https://merchantapi.googleapis.com/$discovery/rest?version=promotions_v1beta
merchantapi,https://merchantapi.googleapis.com/$discovery/rest?version=quota_v1beta
merchantapi,https://merchantapi.googleapis.com/$discovery/rest?version=reports_v1beta
merchantapi,https://merchantapi.googleapis.com/$discovery/rest?version=reviews_v1beta
metastore,https://metastore.googleapis.com/$discovery/rest?version=v1alpha
metastore,https://metastore.googleapis.com/$discovery/rest?version=v1beta
metastore,https://metastore.googleapis.com/$discovery/rest?version=v1
migrationcenter,https://migrationcenter.googleapis.com/$discovery/rest?version=v1alpha1
migrationcenter,https://migrationcenter.googleapis.com/$discovery/rest?version=v1
ml,https://ml.googleapis.com/$discovery/rest?version=v1
monitoring,https://monitoring.googleapis.com/$discovery/rest?version=v1
monitoring,https://monitoring.googleapis.com/$discovery/rest?version=v3
mybusinessaccountmanagement,https://mybusinessaccountmanagement.googleapis.com/$discovery/rest?version=v1
mybusinessbusinessinformation,https://mybusinessbusinessinformation.googleapis.com/$discovery/rest?version=v1
mybusinesslodging,https://mybusinesslodging.googleapis.com/$discovery/rest?version=v1
mybusinessnotifications,https://mybusinessnotifications.googleapis.com/$discovery/rest?version=v1
mybusinessplaceactions,https://mybusinessplaceactions.googleapis.com/$discovery/rest?version=v1
mybusinessqanda,https://mybusinessqanda.googleapis.com/$discovery/rest?version=v1
mybusinessverifications,https://mybusinessverifications.googleapis.com/$discovery/rest?version=v1
netapp,https://netapp.googleapis.com/$discovery/rest?version=v1beta1
netapp,https://netapp.googleapis.com/$discovery/rest?version=v1
networkconnectivity,https://networkconnectivity.googleapis.com/$discovery/rest?version=v1alpha1
networkconnectivity,https://networkconnectivity.googleapis.com/$discovery/rest?version=v1
networkmanagement,https://networkmanagement.googleapis.com/$discovery/rest?version=v1beta1
networkmanagement,https://networkmanagement.googleapis.com/$discovery/rest?version=v1
networksecurity,https://networksecurity.googleapis.com/$discovery/rest?version=v1beta1
networksecurity,https://networksecurity.googleapis.com/$discovery/rest?version=v1
networkservices,https://networkservices.googleapis.com/$discovery/rest?version=v1beta1
networkservices,https://networkservices.googleapis.com/$discovery/rest?version=v1
notebooks,https://notebooks.googleapis.com/$discovery/rest?version=v1
notebooks,https://notebooks.googleapis.com/$discovery/rest?version=v2
www,https://www.googleapis.com/discovery/v1/apis/oauth2/v2/rest
ondemandscanning,https://ondemandscanning.googleapis.com/$discovery/rest?version=v1beta1
ondemandscanning,https://ondemandscanning.googleapis.com/$discovery/rest?version=v1
oracledatabase,https://oracledatabase.googleapis.com/$discovery/rest?version=v1
orgpolicy,https://orgpolicy.googleapis.com/$discovery/rest?version=v2
osconfig,https://osconfig.googleapis.com/$discovery/rest?version=v1alpha
osconfig,https://osconfig.googleapis.com/$discovery/rest?version=v1beta
osconfig,https://osconfig.googleapis.com/$discovery/rest?version=v1
oslogin,https://oslogin.googleapis.com/$discovery/rest?version=v1alpha
oslogin,https://oslogin.googleapis.com/$discovery/rest?version=v1beta
oslogin,https://oslogin.googleapis.com/$discovery/rest?version=v1
pagespeedonline,https://pagespeedonline.googleapis.com/$discovery/rest?version=v5
paymentsresellersubscription,https://paymentsresellersubscription.googleapis.com/$discovery/rest?version=v1
people,https://people.googleapis.com/$discovery/rest?version=v1
places,https://places.googleapis.com/$discovery/rest?version=v1
playcustomapp,https://playcustomapp.googleapis.com/$discovery/rest?version=v1
playdeveloperreporting,https://playdeveloperreporting.googleapis.com/$discovery/rest?version=v1alpha1
playdeveloperreporting,https://playdeveloperreporting.googleapis.com/$discovery/rest?version=v1beta1
playgrouping,https://playgrouping.googleapis.com/$discovery/rest?version=v1alpha1
playintegrity,https://playintegrity.googleapis.com/$discovery/rest?version=v1
policyanalyzer,https://policyanalyzer.googleapis.com/$discovery/rest?version=v1beta1
policyanalyzer,https://policyanalyzer.googleapis.com/$discovery/rest?version=v1
policysimulator,https://policysimulator.googleapis.com/$discovery/rest?version=v1alpha
policysimulator,https://policysimulator.googleapis.com/$discovery/rest?version=v1beta
policysimulator,https://policysimulator.googleapis.com/$discovery/rest?version=v1
policytroubleshooter,https://policytroubleshooter.googleapis.com/$discovery/rest?version=v1beta
policytroubleshooter,https://policytroubleshooter.googleapis.com/$discovery/rest?version=v1
pollen,https://pollen.googleapis.com/$discovery/rest?version=v1
poly,https://poly.googleapis.com/$discovery/rest?version=v1
privateca,https://privateca.googleapis.com/$discovery/rest?version=v1beta1
privateca,https://privateca.googleapis.com/$discovery/rest?version=v1
prod-tt-sasportal,https://prod-tt-sasportal.googleapis.com/$discovery/rest?version=v1alpha1
publicca,https://publicca.googleapis.com/$discovery/rest?version=v1alpha1
publicca,https://publicca.googleapis.com/$discovery/rest?version=v1beta1
publicca,https://publicca.googleapis.com/$discovery/rest?version=v1
pubsub,https://pubsub.googleapis.com/$discovery/rest?version=v1beta1a
pubsub,https://pubsub.googleapis.com/$discovery/rest?version=v1beta2
pubsub,https://pubsub.googleapis.com/$discovery/rest?version=v1
pubsublite,https://pubsublite.googleapis.com/$discovery/rest?version=v1
rapidmigrationassessment,https://rapidmigrationassessment.googleapis.com/$discovery/rest?version=v1
readerrevenuesubscriptionlinking,https://readerrevenuesubscriptionlinking.googleapis.com/$discovery/rest?version=v1
realtimebidding,https://realtimebidding.googleapis.com/$discovery/rest?version=v1
recaptchaenterprise,https://recaptchaenterprise.googleapis.com/$discovery/rest?version=v1
recommendationengine,https://recommendationengine.googleapis.com/$discovery/rest?version=v1beta1
recommender,https://recommender.googleapis.com/$discovery/rest?version=v1beta1
recommender,https://recommender.googleapis.com/$discovery/rest?version=v1
redis,https://redis.googleapis.com/$discovery/rest?version=v1beta1
redis,https://redis.googleapis.com/$discovery/rest?version=v1
reseller,https://reseller.googleapis.com/$discovery/rest?version=v1
resourcesettings,https://resourcesettings.googleapis.com/$discovery/rest?version=v1
retail,https://retail.googleapis.com/$discovery/rest?version=v2alpha
retail,https://retail.googleapis.com/$discovery/rest?version=v2beta
retail,https://retail.googleapis.com/$discovery/rest?version=v2
run,https://run.googleapis.com/$discovery/rest?version=v1
run,https://run.googleapis.com/$discovery/rest?version=v2
runtimeconfig,https://runtimeconfig.googleapis.com/$discovery/rest?version=v1beta1
runtimeconfig,https://runtimeconfig.googleapis.com/$discovery/rest?version=v1
safebrowsing,https://safebrowsing.googleapis.com/$discovery/rest?version=v4
safebrowsing,https://safebrowsing.googleapis.com/$discovery/rest?version=v5
sasportal,https://sasportal.googleapis.com/$discovery/rest?version=v1alpha1
script,https://script.googleapis.com/$discovery/rest?version=v1
searchads360,https://searchads360.googleapis.com/$discovery/rest?version=v0
searchconsole,https://searchconsole.googleapis.com/$discovery/rest?version=v1
secretmanager,https://secretmanager.googleapis.com/$discovery/rest?version=v1beta1
secretmanager,https://secretmanager.googleapis.com/$discovery/rest?version=v1beta2
secretmanager,https://secretmanager.googleapis.com/$discovery/rest?version=v1
securitycenter,https://securitycenter.googleapis.com/$discovery/rest?version=v1beta1
securitycenter,https://securitycenter.googleapis.com/$discovery/rest?version=v1beta2
securitycenter,https://securitycenter.googleapis.com/$discovery/rest?version=v1
serviceconsumermanagement,https://serviceconsumermanagement.googleapis.com/$discovery/rest?version=v1beta1
serviceconsumermanagement,https://serviceconsumermanagement.googleapis.com/$discovery/rest?version=v1
servicecontrol,https://servicecontrol.googleapis.com/$discovery/rest?version=v1
servicecontrol,https://servicecontrol.googleapis.com/$discovery/rest?version=v2
servicedirectory,https://servicedirectory.googleapis.com/$discovery/rest?version=v1beta1
servicedirectory,https://servicedirectory.googleapis.com/$discovery/rest?version=v1
servicemanagement,https://servicemanagement.googleapis.com/$discovery/rest?version=v1
servicenetworking,https://servicenetworking.googleapis.com/$discovery/rest?version=v1beta
servicenetworking,https://servicenetworking.googleapis.com/$discovery/rest?version=v1
serviceusage,https://serviceusage.googleapis.com/$discovery/rest?version=v1beta1
serviceusage,https://serviceusage.googleapis.com/$discovery/rest?version=v1
sheets,https://sheets.googleapis.com/$discovery/rest?version=v4
siteverification,https://siteverification.googleapis.com/$discovery/rest?version=v1
slides,https://slides.googleapis.com/$discovery/rest?version=v1
smartdevicemanagement,https://smartdevicemanagement.googleapis.com/$discovery/rest?version=v1
solar,https://solar.googleapis.com/$discovery/rest?version=v1
spanner,https://spanner.googleapis.com/$discovery/rest?version=v1
speech,https://speech.googleapis.com/$discovery/rest?version=v1p1beta1
speech,https://speech.googleapis.com/$discovery/rest?version=v1
sqladmin,https://sqladmin.googleapis.com/$discovery/rest?version=v1beta4
sqladmin,https://sqladmin.googleapis.com/$discovery/rest?version=v1
storage,https://storage.googleapis.com/$discovery/rest?version=v1
storagetransfer,https://storagetransfer.googleapis.com/$discovery/rest?version=v1
streetviewpublish,https://streetviewpublish.googleapis.com/$discovery/rest?version=v1
sts,https://sts.googleapis.com/$discovery/rest?version=v1beta
sts,https://sts.googleapis.com/$discovery/rest?version=v1
tagmanager,https://tagmanager.googleapis.com/$discovery/rest?version=v1
tagmanager,https://tagmanager.googleapis.com/$discovery/rest?version=v2
tasks,https://tasks.googleapis.com/$discovery/rest?version=v1
testing,https://testing.googleapis.com/$discovery/rest?version=v1
texttospeech,https://texttospeech.googleapis.com/$discovery/rest?version=v1beta1
texttospeech,https://texttospeech.googleapis.com/$discovery/rest?version=v1
toolresults,https://toolresults.googleapis.com/$discovery/rest?version=v1beta3
tpu,https://tpu.googleapis.com/$discovery/rest?version=v1alpha1
tpu,https://tpu.googleapis.com/$discovery/rest?version=v2alpha1
tpu,https://tpu.googleapis.com/$discovery/rest?version=v1
tpu,https://tpu.googleapis.com/$discovery/rest?version=v2
trafficdirector,https://trafficdirector.googleapis.com/$discovery/rest?version=v2
trafficdirector,https://trafficdirector.googleapis.com/$discovery/rest?version=v3
transcoder,https://transcoder.googleapis.com/$discovery/rest?version=v1
translation,https://translation.googleapis.com/$discovery/rest?version=v3beta1
translation,https://translation.googleapis.com/$discovery/rest?version=v2
translation,https://translation.googleapis.com/$discovery/rest?version=v3
travelimpactmodel,https://travelimpactmodel.googleapis.com/$discovery/rest?version=v1
vault,https://vault.googleapis.com/$discovery/rest?version=v1
verifiedaccess,https://verifiedaccess.googleapis.com/$discovery/rest?version=v1
verifiedaccess,https://verifiedaccess.googleapis.com/$discovery/rest?version=v2
versionhistory,https://versionhistory.googleapis.com/$discovery/rest?version=v1
videointelligence,https://videointelligence.googleapis.com/$discovery/rest?version=v1p1beta1
videointelligence,https://videointelligence.googleapis.com/$discovery/rest?version=v1p2beta1
videointelligence,https://videointelligence.googleapis.com/$discovery/rest?version=v1p3beta1
videointelligence,https://videointelligence.googleapis.com/$discovery/rest?version=v1beta2
videointelligence,https://videointelligence.googleapis.com/$discovery/rest?version=v1
vision,https://vision.googleapis.com/$discovery/rest?version=v1p1beta1
vision,https://vision.googleapis.com/$discovery/rest?version=v1p2beta1
vision,https://vision.googleapis.com/$discovery/rest?version=v1
vmmigration,https://vmmigration.googleapis.com/$discovery/rest?version=v1alpha1
vmmigration,https://vmmigration.googleapis.com/$discovery/rest?version=v1
vmwareengine,https://vmwareengine.googleapis.com/$discovery/rest?version=v1
vpcaccess,https://vpcaccess.googleapis.com/$discovery/rest?version=v1beta1
vpcaccess,https://vpcaccess.googleapis.com/$discovery/rest?version=v1
walletobjects,https://walletobjects.googleapis.com/$discovery/rest?version=v1
webfonts,https://webfonts.googleapis.com/$discovery/rest?version=v1
webrisk,https://webrisk.googleapis.com/$discovery/rest?version=v1
websecurityscanner,https://websecurityscanner.googleapis.com/$discovery/rest?version=v1alpha
websecurityscanner,https://websecurityscanner.googleapis.com/$discovery/rest?version=v1beta
websecurityscanner,https://websecurityscanner.googleapis.com/$discovery/rest?version=v1
workflowexecutions,https://workflowexecutions.googleapis.com/$discovery/rest?version=v1beta
workflowexecutions,https://workflowexecutions.googleapis.com/$discovery/rest?version=v1
workflows,https://workflows.googleapis.com/$discovery/rest?version=v1beta
workflows,https://workflows.googleapis.com/$discovery/rest?version=v1
workloadmanager,https://workloadmanager.googleapis.com/$discovery/rest?version=v1
workspaceevents,https://workspaceevents.googleapis.com/$discovery/rest?version=v1
workstations,https://workstations.googleapis.com/$discovery/rest?version=v1beta
workstations,https://workstations.googleapis.com/$discovery/rest?version=v1
youtube,https://youtube.googleapis.com/$discovery/rest?version=v3
youtubeanalytics,https://youtubeanalytics.googleapis.com/$discovery/rest?version=v2
youtubereporting,https://youtubereporting.googleapis.com/$discovery/rest?version=v1
